{
    "pause": {
        "right_j6": 0.6993564453125, 
        "right_j5": -2.2303837890625, 
        "right_j4": 0.840095703125, 
        "right_j3": 1.402080078125, 
        "right_j2": -2.6644013671875, 
        "right_j1": -2.4091806640625, 
        "right_j0": 1.534416015625
    }
}