{
    "pause": {
        "right_j6": -0.2455576171875, 
        "right_j5": -1.00734375, 
        "right_j4": 0.1305107421875, 
        "right_j3": -1.52369140625, 
        "right_j2": -2.2095576171875, 
        "right_j1": -3.327517578125, 
        "right_j0": 2.462169921875
    }
}