{
    "fear": {}, 
    "hope": {
        "lower": {
            "right": {
                "right_j6": 1.2366572265625, 
                "right_j5": -2.0540849609375, 
                "right_j4": 0.3139619140625, 
                "right_j3": 2.111744140625, 
                "right_j2": -2.6306630859375, 
                "right_j1": -2.544466796875, 
                "right_j0": 0.2519501953125
            }, 
            "left": {
                "right_j6": 1.0612880859375, 
                "right_j5": -1.98382421875, 
                "right_j4": 1.161048828125, 
                "right_j3": 1.296830078125, 
                "right_j2": -3.0216201171875, 
                "right_j1": -2.75679296875, 
                "right_j0": 1.611796875
            }
        }, 
        "higher": {
            "right": {
                "right_j6": 0.5735, 
                "right_j5": -1.250185546875, 
                "right_j4": 1.04337890625, 
                "right_j3": 2.1296650390625, 
                "right_j2": -3.0012724609375, 
                "right_j1": -1.2698662109375, 
                "right_j0": 1.0348212890625
            }, 
            "left": {
                "right_j6": 0.1246640625, 
                "right_j5": -1.5371826171875, 
                "right_j4": 1.14524609375, 
                "right_j3": 0.6722744140625, 
                "right_j2": -3.032583984375, 
                "right_j1": -2.4118623046875, 
                "right_j0": 1.597595703125
            }
        }
    }
}