{
    "pause": {
        "right_j6": 0.5105986328125, 
        "right_j5": -2.9311123046875, 
        "right_j4": 0.3846748046875, 
        "right_j3": 1.92071875, 
        "right_j2": -1.585208984375, 
        "right_j1": -3.13684765625, 
        "right_j0": 0.9315458984375
    }
}