{
    "pause": {
        "right_j6": 0.5105986328125, 
        "right_j5": -2.9311123046875, 
        "right_j4": 0.3846748046875, 
        "right_j3": 1.92071875, 
        "right_j2": -1.585208984375, 
        "right_j1": -3.13684765625, 
        "right_j0": 0.9315458984375
    },

    "standby": {
        "right_j0": 0.93103125,
        "right_j1": -3.086376953125,
        "right_j2": -1.6161591796875,
        "right_j3": 1.9350390625,
        "right_j4": -0.5491982421875,
        "right_j5": -2.6405263671875,
        "right_j6": 0.5112314453125
    }
 
}