{
    "pause": {
        "right_j6": 3.3106337890625, 
        "right_j5": 1.082962890625, 
        "right_j4": -0.0487568359375, 
        "right_j3": 0.446048828125, 
        "right_j2": -0.234060546875, 
        "right_j1": -1.7486748046875, 
        "right_j0": 0.096365234375
    }
}